compound,coefficient_of_variation,MAE / ppt,RMSE / ppt,MAPE / %,Num anomalous months,Anomaly list,Num significant anomalies (>10std),Significant anomaly list (>10std)
CFC-12,0.002933388533756,0.3365822434425354,0.6709482073783875,0.0648066750727593,0,[],0,[]
CH2Cl2,0.1191041740851458,3.284018278121948,9.584466934204102,6.040585786104202,3,"['2004-10', '2006-06', '2011-01']",2,"['2006-06', '2011-01']"
CH3Br,0.0235182656068153,0.0529344752430915,0.0863505601882934,0.683805625885725,1,['2011-01'],0,[]
HCFC-22,0.0106915049609774,0.8839759826660156,2.12956166267395,0.4130385816097259,1,['2011-01'],1,['2011-01']
HFC-125,0.0410594001820436,0.23884317278862,0.4720084071159363,2.1969130262732506,2,"['2004-10', '2011-01']",0,[]
HFC-134a,0.034693341339963185,1.0118803977966309,2.083113431930542,1.5587007626891136,2,"['2004-10', '2011-01']",1,['2004-10']
