compound,coefficient_of_variation,MAE / ppt,RMSE / ppt,MAPE / %,Num anomalous months,Anomaly list,Num significant anomalies (>10std),Significant anomaly list (>10std)
CFC-12,0.0029360124234357,0.2173325717449188,0.4396339356899261,0.0417907373048365,0,[],0,[]
CH2Cl2,0.1200896092386449,2.7849137783050537,5.957472801208496,5.511074513196945,12,"['2003-01', '2004-06', '2004-08', '2004-10', '2006-11', '2008-09', '2009-10', '2010-07', '2011-01', '2013-02', '2018-05', '2018-06']",10,"['2003-01', '2004-06', '2004-08', '2004-10', '2006-11', '2008-09', '2009-10', '2013-02', '2018-05', '2018-06']"
CH3Br,0.0242058760019689,0.0593308396637439,0.1504010558128357,0.7504059933125973,8,"['2006-11', '2007-08', '2009-10', '2010-07', '2011-01', '2014-09', '2016-08', '2022-05']",6,"['2006-11', '2009-10', '2010-07', '2011-01', '2016-08', '2022-05']"
HCFC-22,0.011274067453939,1.104011058807373,2.843091011047364,0.534711079671979,7,"['2003-01', '2003-07', '2006-07', '2007-08', '2008-07', '2009-04', '2010-07']",5,"['2003-01', '2006-07', '2008-07', '2009-04', '2010-07']"
HFC-125,0.0441149227396247,0.317155122756958,0.5577563643455505,2.670915424823761,15,"['2003-07', '2004-08', '2004-10', '2006-11', '2008-07', '2008-09', '2009-04', '2009-10', '2010-07', '2012-08', '2016-08', '2018-05', '2018-06', '2019-08', '2020-07']",12,"['2003-07', '2004-08', '2008-07', '2008-09', '2009-04', '2009-10', '2012-08', '2016-08', '2018-05', '2018-06', '2019-08', '2020-07']"
HFC-134a,0.03537923590914214,1.20928156375885,2.1077661514282227,1.8951304256916046,17,"['2003-07', '2004-08', '2004-10', '2007-07', '2007-08', '2007-10', '2008-07', '2008-09', '2009-04', '2009-10', '2010-07', '2015-06', '2016-08', '2018-05', '2018-06', '2020-07', '2020-09']",15,"['2004-08', '2004-10', '2007-07', '2007-08', '2007-10', '2008-07', '2008-09', '2009-04', '2009-10', '2015-06', '2016-08', '2018-05', '2018-06', '2020-07', '2020-09']"
