compound,coefficient_of_variation,MAE / ppt,RMSE / ppt,MAPE / %,Num anomalous months,Anomaly list,Num significant anomalies (>10std),Significant anomaly list (>10std)
CF4,0.0033226612172201,0.1527638584375381,0.2633401155471802,0.1860419171862304,6,"['2011-02', '2011-09', '2012-09', '2014-09', '2017-08', '2017-09']",6,"['2011-02', '2011-09', '2012-09', '2014-09', '2017-08', '2017-09']"
CFC-12,0.0013466092386114,0.2094597071409225,0.3355482220649719,0.0399771844968199,0,[],0,[]
CH3Br,0.1237875617885268,0.3382457792758941,0.5656724572181702,4.078362137079239,6,"['2009-04', '2010-07', '2010-10', '2011-09', '2012-09', '2017-08']",5,"['2009-04', '2010-07', '2010-10', '2011-09', '2017-08']"
HFC-134a,0.0216704763461126,0.6056815385818481,0.9837221503257751,0.7361491676419973,2,"['2010-10', '2011-02']",2,"['2010-10', '2011-02']"
SF6,0.02533936868893315,0.09299041330814362,0.15813536942005157,1.104410830885172,7,"['2009-11', '2010-12', '2014-11', '2015-08', '2017-08', '2017-09', '2018-03']",6,"['2009-11', '2010-12', '2014-11', '2017-08', '2017-09', '2018-03']"
