compound,coefficient_of_variation,MAE / ppt,RMSE / ppt,MAPE / %,Num anomalous months,Anomaly list,Num significant anomalies (>10std),Significant anomaly list (>10std)
CF4,0.003239849585841,0.110302098095417,0.2594305872917175,0.1357719185762107,1,['2011-02'],0,[]
CFC-12,0.0013114836069753,0.2548398077487945,0.4926200211048126,0.0487777491798624,0,[],0,[]
CH3Br,0.1149023794012939,0.4795027673244476,1.0340526103973389,5.611609295010567,5,"['2009-04', '2011-02', '2015-08', '2017-04', '2019-08']",2,"['2009-04', '2019-08']"
HFC-134a,0.0201097254230932,0.8584960103034973,2.263873338699341,1.0506626218557358,3,"['2011-02', '2015-08', '2017-04']",1,['2015-08']
SF6,0.02492655115848613,0.07870874553918839,0.13214121758937836,0.9912273846566677,1,['2009-11'],1,['2009-11']
