compound,coefficient_of_variation,MAE / ppt,RMSE / ppt,MAPE / %,Num anomalous months,Anomaly list,Num significant anomalies (>10std),Significant anomaly list (>10std)
CF4,0.002563407228875,0.0372735373675823,0.068535603582859,0.0448720733402296,0,[],0,[]
CFC-12,0.001794006540539,0.1733125001192093,0.3146782219409942,0.0334991898853331,0,[],0,[]
CH2Cl2,0.0972576307237077,1.3085781335830688,2.257308006286621,3.216175734996796,5,"['2003-09', '2004-08', '2005-08', '2007-10', '2011-09']",3,"['2005-08', '2007-10', '2011-09']"
CH3Br,0.0228850883506644,0.0499419569969177,0.0994960963726043,0.6250633392482996,1,['2013-04'],1,['2013-04']
HCFC-22,0.0062727286954349,0.2986125349998474,0.4300277531147003,0.1194478245452046,1,['2021-07'],1,['2021-07']
HFC-125,0.0341422079930979,0.1061716899275779,0.1656531393527984,0.9415128268301488,4,"['2003-09', '2014-10', '2017-08', '2020-09']",3,"['2014-10', '2017-08', '2020-09']"
HFC-134a,0.0282250218768241,0.4963516294956207,0.9599671363830566,0.8430664427578449,3,"['2003-09', '2005-06', '2005-08']",2,"['2003-09', '2005-06']"
SF6,0.0067756459382291535,0.010709662921726704,0.016124362125992775,0.12594974832609296,0,[],0,[]
