compound,coefficient_of_variation,MAE / ppt,RMSE / ppt,MAPE / %,Num anomalous months,Anomaly list,Num significant anomalies (>10std),Significant anomaly list (>10std)
CF4,0.0013879886188258,0.0166029129177331,0.0309204738587141,0.0193827218026854,0,[],0,[]
CFC-12,0.0011237523287818,0.0787146463990211,0.1312565803527832,0.0156268084538169,0,[],0,[]
CH2Cl2,0.0243002844100965,0.3503103852272033,0.6489130854606628,0.5828721448779106,1,['2019-07'],1,['2019-07']
CH3Br,0.0191390137567561,0.0234993416815996,0.0380110517144203,0.354795204475522,0,[],0,[]
HCFC-22,0.0027576730424442,0.1009327918291091,0.174469992518425,0.040369143243879,0,[],0,[]
HFC-125,0.0051669660590037,0.0278331041336059,0.0472962893545627,0.1058668363839387,0,[],0,[]
HFC-134a,0.0036425287456901,0.0894057974219322,0.1688405126333236,0.0861476000864058,2,"['2017-07', '2022-10']",2,"['2017-07', '2022-10']"
SF6,0.00359635754377787,0.0042574903927743435,0.006890628486871719,0.04510910948738456,0,[],0,[]
